episode,reward,energy_kwh,cost,comfort_penalty,switching_events,no_action_pct,cool_low_pct,cool_medium_pct,cool_high_pct,precool_pct,reduce_hvac_pct,epsilon
1,-16.4978,4.6838,4.2708,11.6599,19,12.5,20.8,12.5,29.2,8.3,16.7,0.985
2,-12.0787,4.4854,3.8194,7.6814,19,20.8,4.2,29.2,8.3,20.8,16.7,0.9702
3,-7.7615,4.6867,3.5417,3.7177,18,16.7,25.0,4.2,20.8,20.8,12.5,0.9557
4,-13.4841,4.8821,3.8542,8.9411,22,20.8,12.5,8.3,25.0,20.8,12.5,0.9413
5,-5.5411,4.3921,2.3264,2.5574,21,12.5,20.8,12.5,16.7,16.7,20.8,0.9272
6,-2.8915,3.1292,1.7361,0.4836,19,20.8,25.0,8.3,12.5,4.2,29.2,0.9133
7,-7.0271,4.9783,3.7153,2.6354,22,12.5,8.3,12.5,16.7,29.2,20.8,0.8996
8,-3.7389,4.1967,2.1875,0.9773,19,8.3,8.3,20.8,16.7,12.5,33.3,0.8861
9,-3.5689,3.9954,1.5625,1.3747,20,12.5,20.8,29.2,16.7,0.0,20.8,0.8728
10,-5.1488,4.1996,4.4792,0.0,20,8.3,20.8,8.3,16.7,16.7,29.2,0.8597
11,-5.1989,4.5875,3.5417,1.0452,20,4.2,25.0,8.3,16.7,20.8,25.0,0.8468
12,-16.8879,3.4208,2.6736,13.6029,18,16.7,16.7,12.5,12.5,8.3,33.3,0.8341
13,-48.5409,4.0042,3.0208,44.9601,18,8.3,16.7,12.5,4.2,25.0,33.3,0.8216
14,-8.8461,3.905,3.0556,5.1199,20,16.7,25.0,12.5,12.5,12.5,20.8,0.8093
15,-108.606,4.78,3.1597,104.8611,20,16.7,16.7,16.7,12.5,25.0,12.5,0.7972
16,-6.617,3.8088,2.3611,3.7395,17,8.3,37.5,4.2,8.3,16.7,25.0,0.7852
17,-2.7566,2.7383,1.3889,0.9638,13,20.8,25.0,12.5,4.2,4.2,33.3,0.7734
18,-32.8137,4.5904,4.8958,27.429,17,16.7,4.2,12.5,29.2,12.5,25.0,0.7618
19,-73.4654,3.7096,2.0139,70.9822,16,12.5,20.8,16.7,8.3,12.5,29.2,0.7504
20,-12.4272,4.5904,4.2708,7.53,20,12.5,12.5,8.3,16.7,25.0,25.0,0.7391
21,-2.7363,3.0329,2.0486,0.0,19,20.8,29.2,4.2,4.2,12.5,29.2,0.728
22,-7.1892,4.3892,3.2639,3.249,21,8.3,25.0,16.7,12.5,16.7,20.8,0.7171
23,-77.4158,3.9954,1.2153,75.6758,18,12.5,37.5,20.8,0.0,16.7,12.5,0.7064
24,-91.9337,2.3533,1.1806,90.3149,13,25.0,25.0,4.2,4.2,4.2,37.5,0.6958
25,-3.3892,4.0042,2.8819,0.0,17,12.5,8.3,16.7,16.7,12.5,33.3,0.6853
26,-26.3021,4.5817,2.1875,23.929,12,16.7,33.3,16.7,20.8,8.3,4.2,0.6751
27,-6.8795,4.8792,3.9236,2.5653,16,16.7,25.0,8.3,25.0,16.7,8.3,0.6649
28,-97.5054,4.0975,2.3611,94.6068,18,12.5,41.7,8.3,20.8,4.2,12.5,0.655
29,-4.3494,4.5846,2.3958,1.2141,23,4.2,12.5,20.8,20.8,12.5,29.2,0.6451
30,-55.4873,5.06,2.7431,52.3454,17,8.3,16.7,41.7,12.5,12.5,8.3,0.6355
31,-105.6052,6.4308,6.9444,98.465,14,4.2,8.3,25.0,45.8,12.5,4.2,0.6259
32,-40.0421,4.1908,0.6597,39.0383,15,12.5,0.0,37.5,16.7,4.2,29.2,0.6165
33,-3.8035,2.8404,1.0764,2.0896,18,20.8,12.5,8.3,4.2,12.5,41.7,0.6073
34,-2.3913,3.0329,1.0764,0.7967,16,12.5,20.8,8.3,12.5,4.2,41.7,0.5982
35,-18.1003,5.1621,2.3958,15.4728,14,8.3,4.2,37.5,16.7,16.7,16.7,0.5892
36,-119.5037,5.9525,5.625,113.6615,14,12.5,16.7,4.2,58.3,4.2,4.2,0.5804
37,-3.6396,4.3746,1.2847,1.9166,17,12.5,12.5,54.2,4.2,4.2,12.5,0.5717
38,-10.4631,5.4508,4.5486,5.4686,18,4.2,8.3,41.7,16.7,16.7,12.5,0.5631
39,-7.6898,5.4625,4.5833,2.9611,12,8.3,8.3,16.7,4.2,45.8,16.7,0.5546
40,-91.8137,5.0571,2.0139,89.5152,15,4.2,20.8,45.8,12.5,8.3,8.3,0.5463
41,-10.9513,4.2842,2.7431,7.8818,14,4.2,25.0,33.3,4.2,12.5,20.8,0.5381
42,-3.2223,5.34,1.1458,1.9876,12,4.2,8.3,70.8,12.5,0.0,4.2,0.5301
43,-128.3622,6.9208,6.1458,122.0855,14,4.2,0.0,20.8,16.7,54.2,4.2,0.5221
44,-6.6553,4.3804,1.9097,4.3454,16,0.0,54.2,20.8,8.3,8.3,8.3,0.5143
45,-73.355,6.4425,7.6736,65.5222,13,8.3,8.3,0.0,8.3,66.7,8.3,0.5066
46,-4.8513,4.9638,2.9167,1.3727,20,8.3,4.2,45.8,8.3,16.7,16.7,0.499
47,-1.6623,4.8617,0.8681,0.4131,17,0.0,8.3,54.2,8.3,8.3,20.8,0.4915
48,-14.5971,4.2871,2.0139,12.3716,12,8.3,62.5,8.3,12.5,8.3,0.0,0.4841
49,-3.6697,4.4738,1.1111,2.2337,15,0.0,45.8,33.3,8.3,4.2,8.3,0.4768
50,-10.0727,5.0513,0.7986,9.1132,13,8.3,12.5,62.5,4.2,8.3,4.2,0.4697
51,-58.3989,6.0517,5.9722,52.2624,13,12.5,8.3,4.2,0.0,66.7,8.3,0.4626
52,-119.4303,7.1192,7.3611,112.0839,11,4.2,8.3,8.3,8.3,70.8,0.0,0.4557
53,-16.8794,5.2467,1.6667,15.0041,14,4.2,0.0,66.7,4.2,12.5,12.5,0.4489
54,-20.6847,5.1475,0.5556,19.9828,13,4.2,8.3,66.7,4.2,8.3,8.3,0.4421
55,-0.901,3.2196,0.6597,0.0,11,8.3,70.8,0.0,8.3,0.0,12.5,0.4355
56,-9.4164,4.955,1.4931,7.589,16,8.3,16.7,58.3,4.2,8.3,4.2,0.429
57,-13.0789,4.5729,2.0486,10.6966,15,4.2,54.2,25.0,4.2,12.5,0.0,0.4225
58,-4.2525,5.7338,2.3958,1.5821,16,0.0,12.5,58.3,8.3,16.7,4.2,0.4162
59,-39.8584,5.9233,2.7778,37.1674,9,0.0,0.0,75.0,8.3,12.5,4.2,0.41
60,-13.601,4.7625,1.5278,11.7189,16,8.3,16.7,54.2,8.3,4.2,8.3,0.4038
61,-58.137,5.3488,1.25,56.6969,14,8.3,12.5,50.0,4.2,20.8,4.2,0.3977
62,-12.8755,6.0283,2.8819,9.7388,16,4.2,8.3,54.2,12.5,20.8,0.0,0.3918
63,-13.1767,4.2871,1.9792,10.6867,18,4.2,45.8,16.7,0.0,20.8,12.5,0.3859
64,-1.7721,3.8029,1.4583,0.0649,12,12.5,62.5,4.2,8.3,8.3,4.2,0.3801
65,-23.5932,5.7338,3.1597,20.1937,15,0.0,4.2,62.5,12.5,12.5,8.3,0.3744
66,-24.622,5.6288,1.3194,23.289,11,0.0,12.5,75.0,4.2,8.3,0.0,0.3688
67,-17.6316,4.955,0.9028,16.5563,13,4.2,0.0,66.7,4.2,8.3,16.7,0.3633
68,-6.8306,4.1879,2.5347,3.964,14,8.3,62.5,12.5,8.3,8.3,0.0,0.3578
69,-27.5574,3.5054,0.0347,27.3725,10,8.3,70.8,12.5,4.2,0.0,4.2,0.3525
70,-11.5717,4.2783,0.9375,10.3433,14,8.3,41.7,37.5,4.2,4.2,4.2,0.3472
71,-3.8441,5.2438,0.3125,3.6997,7,4.2,4.2,70.8,0.0,12.5,8.3,0.342
72,-6.4106,3.7038,1.3542,4.7997,12,12.5,70.8,4.2,4.2,8.3,0.0,0.3368
73,-40.123,5.4508,3.8194,36.0723,14,16.7,8.3,41.7,0.0,33.3,0.0,0.3318
74,-42.8841,5.5413,0.8681,41.8528,14,0.0,12.5,54.2,4.2,20.8,8.3,0.3268
75,-8.4263,4.9579,1.5972,6.4429,17,4.2,37.5,41.7,12.5,4.2,0.0,0.3219
76,-42.2215,5.6288,0.7986,41.5198,9,0.0,4.2,79.2,0.0,12.5,4.2,0.3171
77,-1.5635,5.3342,0.3125,1.4782,6,8.3,0.0,87.5,4.2,0.0,0.0,0.3123
78,-24.7278,4.6604,0.4167,24.3688,8,12.5,4.2,70.8,4.2,0.0,8.3,0.3076
79,-5.6867,5.3371,0.8681,4.935,8,8.3,4.2,79.2,4.2,4.2,0.0,0.303
80,-6.1819,3.2254,1.9792,3.5357,19,4.2,20.8,12.5,4.2,12.5,45.8,0.2985
81,-8.5276,3.3129,0.2083,7.8464,16,4.2,54.2,16.7,4.2,0.0,20.8,0.294
82,-7.9435,4.57,2.1528,5.5047,14,0.0,8.3,54.2,8.3,4.2,25.0,0.2896
83,-9.8646,5.4333,0.6597,9.385,7,0.0,0.0,83.3,0.0,8.3,8.3,0.2852
84,-1.4439,5.4363,1.4583,0.0,10,0.0,4.2,75.0,12.5,0.0,8.3,0.281
85,-91.1038,5.4333,0.7639,90.418,9,0.0,8.3,79.2,4.2,4.2,4.2,0.2767
86,-8.7873,5.2379,0.5556,8.3944,7,8.3,4.2,83.3,0.0,4.2,0.0,0.2726
87,-0.6311,4.5642,0.625,0.0,9,4.2,41.7,50.0,4.2,0.0,0.0,0.2685
88,-7.2975,4.5613,0.0,7.1536,12,4.2,20.8,66.7,0.0,0.0,8.3,0.2645
89,-21.2575,5.4304,0.4514,21.0901,5,0.0,12.5,83.3,0.0,4.2,0.0,0.2605
90,-9.0879,5.1446,0.5903,8.3003,14,0.0,29.2,62.5,4.2,4.2,0.0,0.2566
91,-2.1668,2.9367,1.2847,0.3001,17,29.2,25.0,4.2,4.2,12.5,25.0,0.2528
92,-9.7844,1.2888,0.0,9.5633,7,79.2,4.2,4.2,0.0,0.0,12.5,0.249
93,-0.7814,5.2379,0.7986,0.1906,6,4.2,4.2,83.3,0.0,4.2,4.2,0.2452
94,-0.0382,4.8529,0.0,0.1235,8,4.2,4.2,75.0,4.2,0.0,12.5,0.2415
95,-1.5078,1.6767,0.7639,0.4463,9,4.2,8.3,4.2,4.2,0.0,79.2,0.2379
96,-12.3261,5.34,1.4583,10.7226,13,4.2,8.3,70.8,8.3,4.2,4.2,0.2344
97,-1.6645,5.5267,0.0,1.9672,5,0.0,8.3,87.5,0.0,4.2,0.0,0.2308
98,-63.1769,6.1421,4.7222,58.2244,15,8.3,12.5,16.7,4.2,54.2,4.2,0.2274
99,-11.8132,5.0483,0.4514,11.2576,12,8.3,8.3,70.8,8.3,0.0,4.2,0.224
100,-7.3405,4.5671,0.9722,6.3055,10,4.2,37.5,45.8,0.0,8.3,4.2,0.2206
101,-44.6453,5.8183,0.8681,44.1417,4,0.0,0.0,91.7,8.3,0.0,0.0,0.2173
102,-46.214,5.4333,0.9375,45.4511,7,4.2,0.0,83.3,0.0,8.3,4.2,0.214
103,-1.3133,1.9654,0.6597,0.1369,14,33.3,12.5,8.3,4.2,0.0,41.7,0.2108
104,-30.2654,5.6258,0.5556,29.9613,6,4.2,0.0,87.5,4.2,4.2,0.0,0.2077
105,-36.3807,5.2379,0.5903,35.9524,7,8.3,4.2,83.3,4.2,0.0,0.0,0.2046
106,-3.165,3.3129,0.3819,2.8067,6,8.3,79.2,4.2,0.0,4.2,4.2,0.2015
107,-6.7869,2.0646,1.1458,5.2246,12,4.2,20.8,0.0,8.3,0.0,66.7,0.1985
108,-97.5879,5.4363,0.5903,96.9294,12,0.0,4.2,75.0,8.3,4.2,8.3,0.1955
109,-32.7319,6.4163,5.3125,27.6548,6,0.0,4.2,58.3,0.0,37.5,0.0,0.1926
110,-14.1694,4.6575,0.0,14.3852,5,8.3,25.0,66.7,0.0,0.0,0.0,0.1897
111,-2.2203,3.6075,1.3889,0.4644,14,0.0,58.3,8.3,4.2,8.3,20.8,0.1868
112,-2.4564,3.7008,1.2153,1.2869,6,0.0,83.3,4.2,0.0,8.3,4.2,0.184
113,-50.2361,6.9267,6.875,43.4663,9,12.5,0.0,8.3,4.2,75.0,0.0,0.1813
114,-8.3988,2.3563,1.0069,7.2073,8,66.7,20.8,0.0,4.2,8.3,0.0,0.1785
115,-117.0054,6.8158,3.8889,113.3703,7,4.2,0.0,37.5,4.2,54.2,0.0,0.1759
116,-1.0472,3.4063,0.0,1.2878,2,0.0,95.8,4.2,0.0,0.0,0.0,0.1732
117,-8.231,4.0888,1.1111,7.0065,10,0.0,70.8,12.5,4.2,8.3,4.2,0.1706
118,-87.4281,5.8183,0.4514,87.3995,3,0.0,0.0,91.7,8.3,0.0,0.0,0.1681
119,-22.2361,2.8375,0.4861,21.324,14,4.2,33.3,4.2,4.2,8.3,45.8,0.1655
120,-6.0319,3.2167,0.0347,6.0182,6,8.3,83.3,0.0,0.0,4.2,4.2,0.1631
121,-1.4114,3.7971,1.4931,0.0182,5,0.0,87.5,4.2,4.2,4.2,0.0,0.1606
122,-2.2442,2.5429,0.2431,1.8006,9,45.8,37.5,8.3,0.0,4.2,4.2,0.1582
123,-112.127,7.6092,8.7153,103.5983,8,0.0,0.0,4.2,16.7,75.0,4.2,0.1558
124,-7.872,3.4092,0.7986,7.2483,3,0.0,91.7,0.0,0.0,4.2,4.2,0.1535
125,-3.4696,1.385,0.0,3.1581,9,4.2,16.7,0.0,0.0,0.0,79.2,0.1512
126,-6.813,3.9925,1.0417,5.6998,9,8.3,66.7,12.5,8.3,4.2,0.0,0.1489
127,-5.059,3.2138,0.0,5.2804,2,0.0,95.8,0.0,0.0,0.0,4.2,0.1467
128,-6.9021,3.2167,0.3125,6.555,7,12.5,83.3,0.0,4.2,0.0,0.0,0.1445
129,-10.3311,3.695,0.0,10.4006,6,4.2,66.7,25.0,0.0,0.0,4.2,0.1423
130,-2.3472,2.26,1.6667,0.4732,8,70.8,16.7,0.0,4.2,8.3,0.0,0.1402
131,-4.6426,3.8933,0.9028,3.6111,10,4.2,75.0,12.5,4.2,4.2,0.0,0.1381
132,-1.5149,3.31,0.0,1.8459,0,0.0,100.0,0.0,0.0,0.0,0.0,0.136
133,-37.8674,7.4167,9.2708,28.8528,6,8.3,0.0,0.0,4.2,87.5,0.0,0.134
134,-4.6244,2.0588,0.0,4.4803,7,54.2,37.5,4.2,0.0,0.0,4.2,0.132
135,-5.2273,3.5054,0.6944,4.7695,2,0.0,95.8,0.0,4.2,0.0,0.0,0.13
136,-40.2629,7.6092,9.1667,31.4738,4,0.0,8.3,0.0,0.0,91.7,0.0,0.128
137,-6.2901,1.7758,1.0069,5.0406,8,83.3,8.3,0.0,8.3,0.0,0.0,0.1261
138,-6.8741,1.77,0.0,6.8011,5,66.7,33.3,0.0,0.0,0.0,0.0,0.1242
139,-0.5005,3.5025,0.0,0.7008,3,0.0,91.7,8.3,0.0,0.0,0.0,0.1224
140,-0.3571,3.6017,0.2431,0.1194,7,8.3,75.0,12.5,4.2,0.0,0.0,0.1205
141,-48.288,7.2154,8.4722,40.0679,6,0.0,4.2,12.5,33.3,45.8,4.2,0.1187
142,-56.8707,7.6092,8.75,48.5066,4,0.0,8.3,0.0,0.0,91.7,0.0,0.1169
143,-9.2487,1.6738,0.0,8.6161,16,29.2,29.2,0.0,0.0,0.0,41.7,0.1152
144,-1.2018,6.4192,1.5625,0.0,5,0.0,0.0,54.2,4.2,37.5,4.2,0.1135
145,-2.9152,1.2917,0.6597,2.2715,2,0.0,0.0,0.0,0.0,4.2,95.8,0.1118
146,-29.6005,5.5267,0.625,29.3157,4,0.0,0.0,91.7,4.2,0.0,4.2,0.1101
147,-10.6457,1.6767,0.7292,9.5196,11,16.7,16.7,0.0,0.0,4.2,62.5,0.1084
148,-10.8001,1.8692,0.4514,9.8266,14,0.0,25.0,0.0,0.0,4.2,70.8,0.1068
149,-88.4778,7.7083,9.3056,79.657,2,4.2,0.0,0.0,95.8,0.0,0.0,0.1052
150,-151.3192,7.8046,8.8889,142.933,2,0.0,4.2,0.0,95.8,0.0,0.0,0.1036
151,-3.2079,3.5083,0.8681,2.2733,8,4.2,83.3,0.0,0.0,8.3,4.2,0.1021
152,0.331,3.31,0.0,0.0,0,0.0,100.0,0.0,0.0,0.0,0.0,0.1005
153,-3.756,3.6046,1.3542,2.3352,8,8.3,79.2,4.2,4.2,4.2,0.0,0.099
154,-53.9508,5.7192,0.5208,53.8915,2,0.0,0.0,95.8,4.2,0.0,0.0,0.0975
155,-48.8631,5.62,0.0,49.4251,0,0.0,0.0,100.0,0.0,0.0,0.0,0.0961
156,-4.9981,5.725,0.7292,4.5269,6,0.0,0.0,83.3,4.2,8.3,4.2,0.0946
157,-9.2673,4.4708,0.6597,8.7415,6,0.0,58.3,33.3,0.0,8.3,0.0,0.0932
158,-53.7432,5.7192,0.5903,53.613,2,0.0,0.0,95.8,4.2,0.0,0.0,0.0918
159,-2.3616,3.1175,0.0,2.4734,4,8.3,91.7,0.0,0.0,0.0,0.0,0.0904
160,-5.4966,3.6017,0.5903,5.0547,4,0.0,91.7,4.2,0.0,4.2,0.0,0.0891
161,-82.7613,7.125,8.125,74.8863,6,4.2,0.0,0.0,0.0,87.5,8.3,0.0877
162,-67.0118,6.9179,4.9653,62.289,7,0.0,4.2,25.0,0.0,66.7,4.2,0.0864
163,-70.5139,5.8242,2.1528,68.5005,8,0.0,0.0,79.2,4.2,12.5,4.2,0.0851
164,-2.1331,4.8529,0.1736,2.0913,7,0.0,37.5,58.3,4.2,0.0,0.0,0.0839
165,-21.6801,5.83,0.9028,20.5923,15,0.0,16.7,58.3,0.0,25.0,0.0,0.0826
166,-8.6425,2.0617,0.4514,8.2383,3,62.5,33.3,0.0,0.0,4.2,0.0,0.0814
167,-76.1884,5.4304,0.7292,75.6877,6,0.0,4.2,87.5,4.2,0.0,4.2,0.0801
168,-44.5115,6.215,1.2153,43.6934,4,0.0,0.0,75.0,0.0,25.0,0.0,0.0789
169,-32.4505,1.0,0.0,32.4505,2,95.8,0.0,0.0,0.0,0.0,4.2,0.0778
170,-3.1482,2.8317,0.4514,2.621,7,33.3,58.3,4.2,4.2,0.0,0.0,0.0766
171,-16.1499,7.3117,7.9861,8.3852,7,4.2,0.0,16.7,0.0,79.2,0.0,0.0754
172,0.1055,3.4092,0.0347,0.0,4,0.0,91.7,0.0,4.2,0.0,4.2,0.0743
173,-34.0157,5.4275,0.0,34.4585,2,4.2,0.0,95.8,0.0,0.0,0.0,0.0732
174,-8.1325,4.3746,0.8333,7.22,10,0.0,62.5,29.2,4.2,4.2,0.0,0.0721
175,-120.3576,5.8183,1.3542,119.4082,3,0.0,0.0,91.7,4.2,4.2,0.0,0.071
176,-35.2353,8.0,9.5833,26.2603,0,0.0,0.0,0.0,0.0,100.0,0.0,0.0699
177,-2.0747,5.1417,0.0,2.2889,6,0.0,16.7,75.0,0.0,4.2,4.2,0.0689
178,-66.3374,8.0,9.5833,57.2624,2,0.0,0.0,0.0,4.2,95.8,0.0,0.0679
179,-0.0009,3.5054,0.2431,0.0035,2,0.0,95.8,0.0,0.0,4.2,0.0,0.0668
180,-58.7789,6.32,3.9931,54.838,10,0.0,0.0,58.3,0.0,37.5,4.2,0.0658
181,-25.7866,5.6433,1.2847,24.5905,9,4.2,25.0,37.5,0.0,33.3,0.0,0.0649
182,-85.0736,7.4108,7.1875,78.3334,3,0.0,0.0,12.5,0.0,83.3,4.2,0.0639
183,-28.8742,5.5267,0.4167,28.8019,4,0.0,0.0,91.7,0.0,4.2,4.2,0.0629
184,-4.2469,3.31,0.0,4.5779,0,0.0,100.0,0.0,0.0,0.0,0.0,0.062
185,-9.8193,4.5642,0.4167,9.7007,3,0.0,50.0,45.8,0.0,4.2,0.0,0.0611
186,-4.6545,5.3313,0.0,5.0376,3,0.0,4.2,91.7,0.0,0.0,4.2,0.0601
187,-1.123,3.3129,0.625,0.5168,6,0.0,87.5,0.0,0.0,4.2,8.3,0.0592
188,-48.773,5.235,0.0,49.1465,3,4.2,0.0,91.7,0.0,0.0,4.2,0.0583
189,-19.0108,4.7567,0.6944,18.5281,5,0.0,41.7,54.2,4.2,0.0,0.0,0.0575
190,-23.4806,2.54,0.0,23.1846,11,0.0,66.7,0.0,0.0,0.0,33.3,0.0566
191,-6.0109,2.4438,0.0,5.9053,7,4.2,54.2,4.2,0.0,0.0,37.5,0.0558
192,-32.1062,5.235,0.0,32.3797,5,4.2,8.3,87.5,0.0,0.0,0.0,0.0549
193,-43.0643,5.62,0.0,43.6263,0,0.0,0.0,100.0,0.0,0.0,0.0,0.0541
194,0.3264,3.31,0.0,0.0046,0,0.0,100.0,0.0,0.0,0.0,0.0,0.0533
195,-5.9977,3.5054,0.2778,5.9649,2,0.0,95.8,0.0,0.0,4.2,0.0,0.0525
196,-3.6556,3.1175,0.0,3.8174,3,0.0,91.7,0.0,0.0,0.0,8.3,0.0517
197,-0.8192,5.7192,0.0694,1.2203,2,0.0,0.0,95.8,0.0,4.2,0.0,0.0509
198,-66.9753,5.7192,0.0,67.4972,1,0.0,0.0,95.8,0.0,4.2,0.0,0.0502
199,-5.2358,3.2138,0.0,5.4572,2,4.2,95.8,0.0,0.0,0.0,0.0,0.0494
200,-0.5674,3.4092,0.6944,0.0,4,0.0,91.7,0.0,4.2,0.0,4.2,0.0487
201,-99.6919,5.4275,0.0,100.1347,2,4.2,0.0,95.8,0.0,0.0,0.0,0.0479
202,-1.8671,1.385,0.0,1.5056,10,12.5,16.7,0.0,0.0,0.0,70.8,0.0472
203,0.0478,5.62,0.0,0.5142,0,0.0,0.0,100.0,0.0,0.0,0.0,0.0465
204,-5.4824,4.8529,0.5903,5.0156,7,0.0,37.5,58.3,0.0,4.2,0.0,0.0458
205,-18.1815,5.235,0.0,18.455,5,0.0,8.3,87.5,0.0,0.0,4.2,0.0451
206,-6.7446,1.8692,0.3472,5.8774,14,16.7,16.7,4.2,4.2,0.0,58.3,0.0444
207,-3.7878,1.0,0.0,3.8878,0,0.0,0.0,0.0,0.0,0.0,100.0,0.0438
208,-2.8162,2.5429,0.0694,2.4497,11,0.0,54.2,0.0,4.2,0.0,41.7,0.0431
209,-27.4046,5.725,2.1875,25.4459,6,4.2,0.0,83.3,0.0,12.5,0.0,0.0425
210,0.1618,3.1175,0.0,0.0,3,8.3,91.7,0.0,0.0,0.0,0.0,0.0418
211,-3.8038,1.4813,0.0,3.5019,9,16.7,12.5,4.2,0.0,0.0,66.7,0.0412
212,-1.4998,5.7192,0.5208,1.4405,2,0.0,0.0,95.8,4.2,0.0,0.0,0.0406
213,-11.6544,5.8183,0.6597,11.3633,4,0.0,0.0,91.7,0.0,8.3,0.0,0.04
214,-74.2163,7.2067,8.6111,66.1036,1,0.0,0.0,33.3,0.0,66.7,0.0,0.0394
215,-0.2326,2.8288,0.0,0.0655,9,4.2,79.2,0.0,0.0,0.0,16.7,0.0388
216,-0.9001,3.5054,0.4514,0.6902,2,0.0,95.8,0.0,4.2,0.0,0.0,0.0382
217,-80.4616,5.5267,0.3472,80.5101,3,0.0,0.0,91.7,0.0,4.2,4.2,0.0376
218,-0.3019,1.4813,0.0,0.0,9,0.0,20.8,0.0,0.0,0.0,79.2,0.0371
219,-94.918,7.1104,8.6111,86.7457,2,0.0,4.2,29.2,0.0,66.7,0.0,0.0365
220,-13.2514,4.1763,0.0,13.519,3,0.0,62.5,37.5,0.0,0.0,0.0,0.036
221,-23.4589,5.5238,0.0,23.9613,1,0.0,4.2,95.8,0.0,0.0,0.0,0.0354
222,-20.6845,5.4275,0.0,21.1273,2,0.0,0.0,95.8,0.0,0.0,4.2,0.0349
223,-11.396,1.1925,0.0,11.2653,5,12.5,8.3,0.0,0.0,0.0,79.2,0.0344
224,-5.4859,5.62,0.0,6.0479,0,0.0,0.0,100.0,0.0,0.0,0.0,0.0339
225,-69.9239,5.62,0.0,70.4859,0,0.0,0.0,100.0,0.0,0.0,0.0,0.0334
226,-3.0516,3.3129,0.3125,2.8141,5,4.2,87.5,0.0,0.0,4.2,4.2,0.0329
227,-2.9888,2.6363,0.0,2.8024,9,0.0,70.8,0.0,0.0,0.0,29.2,0.0324
228,-5.1866,1.0,0.0,5.2366,1,4.2,0.0,0.0,0.0,0.0,95.8,0.0319
229,-4.5502,1.2917,0.4514,4.119,2,0.0,0.0,0.0,4.2,0.0,95.8,0.0314
230,-6.2231,3.4063,0.0,6.5137,1,0.0,95.8,4.2,0.0,0.0,0.0,0.0309
231,-2.3535,1.0,0.0,2.4535,0,0.0,0.0,0.0,0.0,0.0,100.0,0.0305
232,-69.0707,5.62,0.0,69.6327,0,0.0,0.0,100.0,0.0,0.0,0.0,0.03
233,0.1,1.0,0.0,0.0,0,0.0,0.0,0.0,0.0,0.0,100.0,0.0296
234,-56.0004,5.6229,0.4167,55.9377,4,0.0,4.2,91.7,0.0,4.2,0.0,0.0291
235,-0.5578,2.155,0.0,0.4233,7,0.0,50.0,0.0,0.0,0.0,50.0,0.0287
236,0.2102,5.62,0.0,0.3518,0,0.0,0.0,100.0,0.0,0.0,0.0,0.0282
237,-10.8423,4.7538,0.0,11.1677,3,0.0,37.5,62.5,0.0,0.0,0.0,0.0278
238,-13.442,1.0,0.0,13.442,2,4.2,0.0,0.0,0.0,0.0,95.8,0.0274
239,-89.2747,5.62,0.0,89.8367,0,0.0,0.0,100.0,0.0,0.0,0.0,0.027
240,-160.5684,7.8046,8.7847,152.3384,1,0.0,4.2,0.0,0.0,95.8,0.0,0.0266
241,-4.836,3.0242,0.3472,4.2843,10,0.0,75.0,0.0,4.2,0.0,20.8,0.0262
242,0.2906,3.4063,0.0,0.0,1,0.0,95.8,4.2,0.0,0.0,0.0,0.0258
243,-3.137,3.31,0.0,3.168,6,0.0,83.3,8.3,0.0,0.0,8.3,0.0254
244,-67.244,5.62,0.0,67.806,0,0.0,0.0,100.0,0.0,0.0,0.0,0.025
245,-2.5401,1.1925,0.0,2.4094,5,8.3,0.0,4.2,0.0,0.0,87.5,0.0247
246,-165.5126,8.0,9.5833,156.5376,0,0.0,0.0,0.0,100.0,0.0,0.0,0.0243
247,-56.3143,5.3371,0.5903,56.0459,4,0.0,20.8,70.8,4.2,4.2,0.0,0.0239
248,0.1,1.0,0.0,0.0,0,0.0,0.0,0.0,0.0,0.0,100.0,0.0236
249,-111.0029,5.62,0.0,111.5649,0,0.0,0.0,100.0,0.0,0.0,0.0,0.0232
250,-4.5346,1.0,0.0,4.4346,4,8.3,0.0,0.0,0.0,0.0,91.7,0.0229
251,0.1,1.0,0.0,0.0,0,0.0,0.0,0.0,0.0,0.0,100.0,0.0225
252,-0.3571,2.2513,0.0,0.1322,9,0.0,54.2,0.0,0.0,0.0,45.8,0.0222
253,-92.9962,3.31,0.0,93.3272,0,0.0,100.0,0.0,0.0,0.0,0.0,0.0218
254,-56.2216,5.6288,1.7361,54.5636,9,4.2,4.2,79.2,4.2,8.3,0.0,0.0215
255,-0.6441,2.0588,0.0,0.0,17,0.0,45.8,0.0,0.0,0.0,54.2,0.0212
256,-12.7636,4.6575,0.0,13.0794,3,0.0,41.7,58.3,0.0,0.0,0.0,0.0209
257,-51.006,5.62,0.0,51.568,0,0.0,0.0,100.0,0.0,0.0,0.0,0.0206
258,-0.2771,1.385,0.0,0.0656,7,0.0,16.7,0.0,0.0,0.0,83.3,0.0203
259,-37.4486,5.1388,0.0,37.7125,5,0.0,12.5,83.3,0.0,0.0,4.2,0.02
260,-1.5055,3.31,0.0,1.6865,3,0.0,91.7,4.2,0.0,0.0,4.2,0.02
261,-73.8774,5.62,0.0,74.4394,0,0.0,0.0,100.0,0.0,0.0,0.0,0.02
262,-3.0236,3.7913,0.0,3.2527,3,0.0,79.2,20.8,0.0,0.0,0.0,0.02
263,-5.8016,6.1158,3.6458,2.5944,2,0.0,0.0,79.2,16.7,4.2,0.0,0.02
264,-0.4718,4.0946,0.5208,0.0,7,0.0,70.8,0.0,20.8,0.0,8.3,0.02
265,-10.6656,1.0,0.0,10.7656,0,0.0,0.0,0.0,0.0,0.0,100.0,0.02
266,-7.0066,1.0,0.0,7.1066,0,0.0,0.0,0.0,0.0,0.0,100.0,0.02
267,-40.7475,6.3171,3.0556,37.8625,8,0.0,4.2,62.5,0.0,33.3,0.0,0.02
268,-3.3101,3.6017,0.2778,3.1869,4,0.0,91.7,4.2,0.0,4.2,0.0,0.02
269,-0.1211,1.0,0.0,0.1211,2,4.2,0.0,0.0,0.0,0.0,95.8,0.02
270,-122.8708,4.6575,0.0,123.2866,1,0.0,41.7,58.3,0.0,0.0,0.0,0.02
271,-4.8408,4.8529,0.0,5.0261,6,0.0,37.5,58.3,0.0,4.2,0.0,0.02
272,-12.5535,5.2554,0.7986,11.9645,6,4.2,37.5,29.2,0.0,29.2,0.0,0.02
273,-1.8199,1.77,0.0,1.6469,7,0.0,33.3,0.0,0.0,0.0,66.7,0.02
274,-21.7897,5.4275,0.0,22.2325,2,4.2,0.0,95.8,0.0,0.0,0.0,0.02
275,-104.1528,4.1763,0.0,104.5204,1,0.0,62.5,37.5,0.0,0.0,0.0,0.02
276,-42.7345,5.725,2.2917,40.8195,3,0.0,0.0,83.3,0.0,12.5,4.2,0.02
277,-58.4102,5.7192,0.0694,58.8113,2,0.0,0.0,95.8,0.0,4.2,0.0,0.02
278,-15.5334,5.62,0.0,16.0954,0,0.0,0.0,100.0,0.0,0.0,0.0,0.02
279,-19.855,1.2917,0.1736,19.6571,3,4.2,0.0,0.0,4.2,0.0,91.7,0.02
280,-88.802,3.31,0.0,89.133,0,0.0,100.0,0.0,0.0,0.0,0.0,0.02
281,-1.4944,3.3129,0.1389,1.434,5,0.0,87.5,0.0,0.0,4.2,8.3,0.02
282,-18.969,1.0,0.0,18.919,3,41.7,0.0,0.0,0.0,0.0,58.3,0.02
283,-0.5591,1.6738,0.0,0.1265,12,20.8,29.2,0.0,0.0,0.0,50.0,0.02
284,-5.8389,3.31,0.0,6.1699,0,0.0,100.0,0.0,0.0,0.0,0.0,0.02
285,-0.9784,3.2167,0.625,0.3126,7,4.2,83.3,0.0,0.0,4.2,8.3,0.02
286,-10.7863,7.8017,9.375,1.804,4,0.0,0.0,8.3,0.0,91.7,0.0,0.02
287,-3.2524,3.4063,0.0,3.543,1,0.0,95.8,4.2,0.0,0.0,0.0,0.02
288,-37.3033,7.1104,4.7569,32.9123,5,0.0,4.2,29.2,0.0,66.7,0.0,0.02
289,-12.5788,6.915,5.5556,7.2536,7,0.0,0.0,33.3,0.0,62.5,4.2,0.02
290,-34.9084,6.215,4.2361,31.0591,3,0.0,0.0,75.0,0.0,25.0,0.0,0.02
291,-10.8611,4.0829,0.0,11.0694,4,0.0,70.8,25.0,0.0,4.2,0.0,0.02
292,-0.5634,1.8663,0.0,0.0,15,0.0,37.5,0.0,0.0,0.0,62.5,0.02
293,-59.2568,5.8183,0.7986,58.9241,2,0.0,0.0,91.7,0.0,8.3,0.0,0.02
294,-29.43,5.7192,0.5556,29.3353,2,0.0,0.0,95.8,0.0,4.2,0.0,0.02
295,-3.9236,3.1175,0.0,4.0354,4,0.0,91.7,0.0,0.0,0.0,8.3,0.02
296,-4.2273,3.695,0.0,4.4468,3,0.0,83.3,16.7,0.0,0.0,0.0,0.02
297,-87.4476,5.0688,1.25,86.5795,2,0.0,62.5,0.0,25.0,12.5,0.0,0.02
298,-4.4686,1.0,0.0,4.5186,1,12.5,0.0,0.0,0.0,0.0,87.5,0.02
299,-2.1291,3.4092,0.0,2.37,2,0.0,91.7,0.0,4.2,0.0,4.2,0.02
300,-52.2297,6.215,4.2708,48.445,1,0.0,0.0,75.0,0.0,25.0,0.0,0.02
